compartment	n_cells	AMS_Cyst	AMS_MRONJ	AMS_p	UC_p
Bcell_plasma	25301	0.0225946567517957	0.0391075369547692	0.0571428571428571	0.0571428571428571
Myeloid	6719	0.0245991687984503	0.0493720361653866	0.0571428571428571	0.0571428571428571
Tcell	8339	-0.012376793491482	0.0182377742259254	0.0285714285714286	0.0285714285714286
Mesenchymal_osteo	13991	-0.0180829961789426	0.00261601849395723	0.0571428571428571	0.2
Endothelial	5691	-0.0359349647937188	-0.00798393247744064	0.0285714285714286	0.0285714285714286
Osteoclast	412	-0.00248141885190545	0.0170691051065364	0.114285714285714	0.114285714285714
Epithelial	5001	0.00623704823647621	0.0277741614539217	0.4	0.4
