gene	lead_snp	lead_eqtl_p	method	b	se	pval	label	padj	direction_signature
GREM2	rs10926315	5.6601e-61	Wald_leadSNP	-0.0569765855807296	0.014037333164091	4.92975930789178e-05	eBMD	0.000635679489701834	down
SRGN	rs10998535	4.9078e-219	Wald_leadSNP	-0.0198890102096631	0.00745448667386134	0.00762908611768306	eBMD	0.0389401270590073	up
PDGFD	rs12362803	4.3984e-110	Wald_leadSNP	0.00780237359355064	0.0104660115286217	0.455971705320456	eBMD	0.675014175999335	up
TLR4	rs10465133	1.1288954292536e-308	Wald_leadSNP	-0.00423787471034383	0.00592584310245169	0.4745155252155	eBMD	0.685487649385828	up
LOXL2	rs59478886	1.3977e-187	Wald_leadSNP	0.00223208761481043	0.00551479746149008	0.685664838651428	eBMD	0.813500656027118	down
IRS1	rs1608226	2.4563e-152	Wald_leadSNP	0.00230303667782373	0.00845704026967906	0.785374572806085	eBMD	0.872980674899499	down
