gene	lead_snp	lead_eqtl_p	method	b	se	pval	label	padj	direction_signature	druggable	in_core
GREM2	rs10926315	5.6601e-61	Wald_leadSNP	-0.0569765855807296	0.014037333164091	4.92975930789178e-05	eBMD	0.000635679489701834	down	TRUE	TRUE
SRGN	rs10998535	4.9078e-219	Wald_leadSNP	-0.0198890102096631	0.00745448667386134	0.00762908611768306	eBMD	0.0389401270590073	up	TRUE	TRUE
